Workbook

Sheet calculs cremblai-granulats
B1: Feuille de calcul des mélanges de remblai en pâte + granulat conscassé au laboratoire en fixant
B2: le pourcentage solide massique initial du mélange (Cw%)
G3: Granulat considéré comme substitut aux résidus
B4: # Projet | F4: note: | G4: texte noir, cases mauves à remplir par l'opérateur
B5: Opérateur | G5: Texte rouge, case brune: peut être modifié par l'opérateur au besoin
B6: Date | G6: Toutes les autres cases ne doivemt pas être modifiées (formules de calculs)
B7: #URSTM
G8: Pour un mélange à slump constant, ils est conseillé de partir d'1 %solide de 80% | M8: densité stérile LaRonde
B9: Résidus | C9: résidus Casa Berardi | D9: Granulat | E9: concassé LaRonde | G9: Pour les mélanges suivants, ajuster en fonction des résultats obtenus. | M9: 2.887422
B10: GS résidus | C10: 3.05 | D10: Gs granulat | E10: 2.8 | M10: 2.729148
B11: teneur en eau | C11: =H11 -> 0.31578947 | F11: Calcul | H11: =1/0.76-1 -> 0.31578947 | M11: 2.733471
B12: % solide | C12: =(1/(1+C11))*1 -> 0.76 | E12: tare | F12: 2278.8 | H12: =100/4 -> 25 | K12: 2278.8 | M12: =AVERAGE(M9:M11) -> 2.783347
E13: tare + mh | F13: 2947.3 | K13: 2947.3
E14: tare + ms | F14: 2831.8 | G14: *obtenue généralement à 50°C après 48h ou à 105°C après 24h | K14: 2831.8
D16: Mélange 1
B17: # Batch URSTM | F17: =C10/(C10+(D41/D42)*(E10/C10)) -> #DIV/0!
B18: diam. moule (pouce) | D18: 394 | F18: =(D41/C10)+(D42/E10) -> 4559.5087 | G18: =(D41+D42)/D34 -> 4559.5087
B19: H. moule (pouce) | D19: 310 | E19: 2 | F19: =E19*D23 -> 0
B20: nb. moules | D20: 17.76019
B21: % solide initial avec granulat | D21: =G54 -> 0.7
B22: proportion de liant (%) | D22: 0.045
B23: %m granulat p/r résidus secs (%) | D23: 0
B24: %vol. granulat p/r résidus secs (%) | D24: =(D42/$E$10)/(D42/$E$10+D41/$C$10) -> 0
B25: %vol. granulat p/r remblai (%) | D25: =(D42/$E$10)/(D38) -> 0
B26: Eau/Liant initial ou W/C initial | D26: =(D44)/(D43) -> 9.952381
B27: facteur de sécurité (%) | D27: 0
B28: (T10) GU | C28: 3.15 | D28: 0.2
B29: (T50) HS | C29: 3.18 | E29: e | F29: rau-h
B30: (T30) HE | C30: 3.15 | E30: =D36/F32-1 -> 1.305174 | F30: =(D21/D36+(1-D21)/1)^-1 -> 1.8873109
B31: Slag (GGBFS) | C31: 2.9 | D31: 0.8 | E31: Sr | F31: rau-d
B32: FA (types C, F) | C32: 2.3 | E32: =(D36*(1/D21-1))/E30 -> 1 | F32: =F30/(1/D21-1+1) -> 1.3211176
B33: Chaux | C33: 2.6
B34: Gs résidus + granulat (t/cc) | D34: =(D23/$E$10+(1-D23)/$C$10)^-1 -> 3.05
B35: Gs-liant composé (t/cc) | D35: =(D28/$C$28+D29/$C$29+D30/$C$30+D31/$C$31+D32/$C$32+D33/$C$33)^-1 -> 2.9467742 | E35: =D28*C28+D31*C31 -> 2.95
B36: Gs pâte (résidus+granulat+liant) | D36: =(1+D22)/(((1-D23)/(C10)+D23/(E10))+(D22/D35)) -> 3.0454061
B37: Volume contenant (m³) | D37: =55*20*10 -> 11000
B38: Volume total pâte VT (m³) | D38: =D37*1*(1+D27) -> 11000
A39: (rau_w = 1) | B39: Masse solide calc. Md (t) | D39: =(D21*D38)*((D21/D36)+(1-D21)/1)^-1 -> 14532.294
B40: degré de saturation initial(%) | D40: =(D36*(1/D21-1))/((D38*D36)/D39-1) -> 1
B41: Masse sèche résidus Ms-t (t) | D41: =(1-D23)*(D39/(1+D22)) -> 13906.501 | E41: =(1/0.75-1)*D41 -> 4635.5005
B42: Masse sèche granulat Ms-g (t) | D42: =(D23)*(D39/(1+D22)) -> 0 | F42: =D41+D42+D43 -> 14532.294
B43: masse totale liant Mb (t) | D43: =D22*(D41+D42) -> 625.79257 | H43: rau-solide | I43: =D36 -> 3.0454061
B44: masse totale eau Mw (t) | D44: =D39*(1/D21-1) -> 6228.126 | F44: =D42/(D41+D42) -> 0 | H44: rau-humide | I44: =D91 -> 1.8872706 | J44: 1000
B45: Masse eau résidus (t) | D45: =D41*$C$11 -> 4391.5268 | H45: Cw | I45: =(I43/(I43-1))-(1/J44+1) -> 0.48790047
B46: tonnage remblai en pâte (t) | D46: =D41+D42+D43+D44 -> 20760.42 | G46: =11000/919 -> 11.969532
B47: #Batch | D47: =D16 -> Mélange 1 | G47: =G46*D20 -> 212.58116
B48: Masse de granulat sec (t) | D48: =D42 -> 0
B49: Masse résidus humides (t) | D49: =D41/$C$12 -> 18298.028
B50: masse eau à ajouter (t) | D50: =D44-D45 -> 1836.5992
B51: Masse liants (t) | C51: =B28 -> (T10) GU | D51: =D$43*D28 -> 125.15851 | F51: =195*D51+210*D54 -> 129539.06
C52: =B29 -> (T50) HS | D52: =D$43*D29 -> 0 | F52: =6000000/F51 -> 46.318075
C53: =B30 -> (T30) HE | D53: =D$43*D30 -> 0 | G53: =D49 -> 18298.028
C54: =B31 -> Slag (GGBFS) | D54: =D$43*D31 -> 500.63405 | E54: Q3 | F54: Cw | G54: 0.7 | J54: coûts liants
C55: =B32 -> FA (types C, F) | D55: =D$43*D32 -> 0 | E55: Q4 | F55: w | G55: =D79 -> 0.42860583 | H55: =G55 -> 0.42860583 | J55: GU | K55: 195
C56: =B33 -> Chaux | D56: =D$43*D33 -> 0 | E56: Q5 | F56: Mrs | G56: =D41 -> 13906.501 | H56: =22165/((1+G55)*(1+D22)) -> 14847.011 | I56: =(1/(1+D22))*G54*22165 -> 14847.368 | J56: Slag | K56: 210
A57: Ajout au cours du mélange | B57: Masse/volume eau ajoutée (t) | D57: 0.5 | E57: Q6 | F57: ML | G57: =D43 -> 625.79257 | H57: =G54*22165-H56 -> 668.48916 | J57: 20GU/80Slag | K57: =0.2*K55+0.8*K56 -> 207
B58: Masse de granulat ajouté (t) | D58: 0 | E58: Q7a | F58: Mgu | G58: =D51 -> 125.15851 | H58: =0.2*H57 -> 133.69783 | J58: $liant chantier | K58: =K57*H57 -> 138377.26 | L58: =K55*G58+K56*G59 -> 129539.06
B59: M résidus humides ajoutés (t) | D59: 0 | E59: Q7b | F59: Mslag | G59: =D54 -> 500.63405 | H59: =0.8*H57 -> 534.79133 | J59: budget $ | K59: =6000000 -> 6000000
B60: M résidus secs ajoutés corresp. (t) | D60: =D59*$C$12 -> 0 | E60: Q8 | F60: Mw | G60: =D44 -> 6228.126 | H60: =22165-H56-H57 -> 6649.5 | J60: Nb chantiers | K60: =K59/K58 -> 43.359727
B61: volume résidus corresp. (m^3) | D61: =D60/$C$10 -> 0 | E61: Q9a | F61: Mwr0 | G61: =D45 -> 4391.5268 | H61: =C11*H56 -> 4688.5297 | J61: rau_actuel | K61: 2.75
B62: volume granulat corresp. (m^3) | D62: =D58/$E$10 -> 0 | E62: Q9b | F62: Mwr | G62: =D50 -> 1836.5992 | H62: =H60-H61 -> 1960.9703 | J62: Bv(%) | K62: =D22*(K61/D35) -> 0.041995074
B63: volume de liant corresp. (m^3) | D63: =D65/D35 -> 0 | E63: Q10 | F63: w/c | G63: =D78 -> 9.9531799 | H63: =H60/H57 -> 9.9470574 | J63: Bw(%)_ajusté | K63: =D22*(C10/K61) -> 0.049909091
B64: masse/volume eau corresp. (m^3) | D64: =D57+(D59-D60) -> 0.5 | E64: Q11 | F64: rau-d | G64: =D93 -> 1.3210576 | H64: =G54*(22165/(55*20*10)) -> 1.4105
B65: Masse liant à ajouter - ajuster (g) | D65: =(D60+D58)*D22 -> 0 | E65: Q12 | F65: Cv(%) | G65: =D82 -> 0.43378701 | H65: =H64/D36 -> 0.46315662
B66: Masse liants (t) | C66: =B28 -> (T10) GU | D66: =D$65*D28 -> 0 | E66: Q13a | F66: gamma-h | G66: =D92 -> 18.514124 | H66: =I66*(22165/(55*20*10)) -> 19.76715 | I66: 9.81
C67: =B29 -> (T50) HS | D67: =D$65*D29 -> 0 | E67: Q13b | F67: gamma-d | G67: =D94 -> 12.959575 | H67: =I66*H64 -> 13.837005
C68: =B30 -> (T30) HE | D68: =D$65*D30 -> 0 | F68: indice e | G68: =D86 -> 1.3052788 | H68: =D36/H64-1 -> 1.1590968 | J68: =(22165/(1+G55))*(1/(1+0.045)) -> 14847.011
C69: =B31 -> Slag (GGBFS) | D69: =D$65*D31 -> 0 | F69: porosité n | G69: =D88 -> 0.56621299 | H69: =H68/(1+H68) -> 0.53684338 | J69: =G54*22165-J68 -> 668.48916
C70: =B32 -> FA (types C, F) | D70: =D$65*D32 -> 0 | E70: Q14 | F70: Sr | G70: =D87 -> 1 | H70: =22165*(1-G54)/(1*55*20*10-((G54*22165)/D36)) -> 1.1260267 | I70: =1/(0.2/3.15+0.8/2.9) -> 2.9467742 | J70: =0.2*J69 -> 133.69783
C71: =B33 -> Chaux | D71: =D$65*D33 -> 0 | J71: =0.8*J69 -> 534.79133
B72: slump mesuré (mm)
B73: tare (g) | I73: =100/3-1 -> 32.333333
B74: m_h pâte (g) | I74: =3/100 -> 0.03
B75: m_s pâte (g) | I75: =1/I74-1 -> 32.333333
A76: paramètres géotechniques | B76: teneur eau mesurée w(%) | D76: =(D74-D75)/(D75-D73) -> #DIV/0!
B77: % solide massique mesuré Cw(%) | D77: =(D75-D73)/(D74-D73) -> #DIV/0!
B78: eau/liant final ou W/C final | D78: =(D44+D64)/(D43+D65) -> 9.9531799
B79: teneur eau mass. calculée (%) | D79: =(D44+D64)/(D41+D42+D43+D58+D60+D65) -> 0.42860583
B80: teneur eau vol. calculée, q | D80: =(D79*(D41+D42+D43+D44+D57+D58+D59+D65)*D81)/(D38+D61+D62+D63+D64) -> 0.56621299
B81: % solide massique pâte Cw (%) | D81: =1/(1+D79) -> 0.69998314
B82: % solide volumique pâte Cv (%) | D82: =(D41/$C$10+D42/$E$10+D43/D35+D61+D62+D63)/(D38+D61+D62+D63+D64) -> 0.43378701
B83: %m granulat p/r résidus final(%) | D83: =(D42+D58)/(D41+D60+D42+D58) -> 0
B84: %vol. granulat p/r résidus final (%) | D84: =(D42/$E$10+D62)/(D42/$E$10+D41/$C$10+D61+D62) -> 0
B85: %vol. granulat p/r remblai final(%) | D85: =(D42/$E$10+D62)/(D38+D61+D62+D63+D64) -> 0
B86: indice des vides final, e0 | D86: =(D36*(D38+D61+D62+D63+D64)/(D39+D58+D60+D65))-1 -> 1.3052788
B87: degré de saturation final Sr (%) | D87: =D36*D79/D86 -> 1
B88: porosité finale, n0 | D88: =D86/(1+D86) -> 0.56621299
B89: %liant massique final Bw | D89: =(D43+D65)/(D41+D42+D58+D60) -> 0.045
B90: %liant volumique final Bv | D90: =D89*(D34/D35) -> 0.046576355
B91: ρh remblai final (t/m³) | D91: =D93*(1+D79) -> 1.8872706
B92: γh remblai final (kN/m³) | D92: =D91*9.81 -> 18.514124
B93: ρd remblai final (t/m³) | D93: =D95/(1+D86) -> 1.3210576
B94: γd remblai final (kN/m³) | D94: =D93*9.81 -> 12.959575
B95: ρs remblai final (t/m³) | D95: =(1+D89)/(1/D34+D89/D35) -> 3.0454061
B96: γs remblai final (kN/m³) | D96: =D95*9.81 -> 29.875434

Sheet feuille préparation mélanges
B2: ='calculs cremblai-granulats'!B4 -> # Projet | D2: ='calculs cremblai-granulats'!C4 -> 0
B3: ='calculs cremblai-granulats'!B5 -> Opérateur | D3: ='calculs cremblai-granulats'!C5 -> 0
B4: ='calculs cremblai-granulats'!B6 -> Date
B5: ='calculs cremblai-granulats'!B9 -> Résidus | D5: ='calculs cremblai-granulats'!C9 -> résidus Casa Berardi | F5: ='calculs cremblai-granulats'!D9 -> Granulat | G5: ='calculs cremblai-granulats'!E9 -> concassé LaRonde
B6: ='calculs cremblai-granulats'!B7 -> #URSTM | D6: ='calculs cremblai-granulats'!C7 -> 0
B8: ='calculs cremblai-granulats'!B47:C47 -> #Batch | D8: ='calculs cremblai-granulats'!D47:E47 -> Mélange 1
B9: ='calculs cremblai-granulats'!B48:C48 -> Masse de granulat sec (t) | D9: ='calculs cremblai-granulats'!D48:E48 -> 0
B10: ='calculs cremblai-granulats'!B49:C49 -> Masse résidus humides (t) | D10: ='calculs cremblai-granulats'!D49:E49 -> 18298.028
B11: ='calculs cremblai-granulats'!B50:C50 -> masse eau à ajouter (t) | D11: ='calculs cremblai-granulats'!D50:E50 -> 1836.5992
B12: ='calculs cremblai-granulats'!B51:C51 -> Masse liants (t) | C12: ='calculs cremblai-granulats'!C51:D51 -> (T10) GU | D12: ='calculs cremblai-granulats'!D51:E51 -> 125.15851
C13: ='calculs cremblai-granulats'!C52:D52 -> (T50) HS | D13: ='calculs cremblai-granulats'!D52:E52 -> 0
C14: ='calculs cremblai-granulats'!C53:D53 -> (T30) HE | D14: ='calculs cremblai-granulats'!D53:E53 -> 0
C15: ='calculs cremblai-granulats'!C54:D54 -> Slag (GGBFS) | D15: ='calculs cremblai-granulats'!D54:E54 -> 500.63405
C16: ='calculs cremblai-granulats'!C55:D55 -> FA (types C, F) | D16: ='calculs cremblai-granulats'!D55:E55 -> 0
C17: ='calculs cremblai-granulats'!C56:D56 -> Chaux | D17: ='calculs cremblai-granulats'!D56:E56 -> 0
B18: ='calculs cremblai-granulats'!B57:C57 -> Masse/volume eau ajoutée (t) | D18: ='calculs cremblai-granulats'!D57:E57 -> 0.5
B19: ='calculs cremblai-granulats'!B58:C58 -> Masse de granulat ajouté (t) | D19: ='calculs cremblai-granulats'!D58:E58 -> 0
B20: ='calculs cremblai-granulats'!B60:C60 -> M résidus secs ajoutés corresp. (t) | D20: ='calculs cremblai-granulats'!D60:E60 -> 0
B21: ='calculs cremblai-granulats'!B59:C59 -> M résidus humides ajoutés (t) | D21: ='calculs cremblai-granulats'!D59:E59 -> 0
A22: ajustement | B22: ='calculs cremblai-granulats'!B65:C65 -> Masse liant à ajouter - ajuster (g) | D22: ='calculs cremblai-granulats'!D65:E65 -> 0
B23: ='calculs cremblai-granulats'!B66:C66 -> Masse liants (t) | C23: ='calculs cremblai-granulats'!C66:D66 -> (T10) GU | D23: ='calculs cremblai-granulats'!D66:E66 -> 0
C24: ='calculs cremblai-granulats'!C67:D67 -> (T50) HS | D24: ='calculs cremblai-granulats'!D67:E67 -> 0
C25: ='calculs cremblai-granulats'!C68:D68 -> (T30) HE | D25: ='calculs cremblai-granulats'!D68:E68 -> 0
C26: ='calculs cremblai-granulats'!C69:D69 -> Slag (GGBFS) | D26: ='calculs cremblai-granulats'!D69:E69 -> 0
C27: ='calculs cremblai-granulats'!C70:D70 -> FA (types C, F) | D27: ='calculs cremblai-granulats'!D70:E70 -> 0
C28: ='calculs cremblai-granulats'!C71:D71 -> Chaux | D28: ='calculs cremblai-granulats'!D71:E71 -> 0
B30: ='calculs cremblai-granulats'!B72:C72 -> slump mesuré (mm)
B31: ='calculs cremblai-granulats'!B73:C73 -> tare (g)
B32: ='calculs cremblai-granulats'!B74:C74 -> m_h pâte (g)
B33: ='calculs cremblai-granulats'!B75:C75 -> m_s pâte (g)
B34: ='calculs cremblai-granulats'!B76:C76 -> teneur eau mesurée w(%)
B35: ='calculs cremblai-granulats'!B77:C77 -> % solide massique mesuré Cw(%)
